name,energy flux (erg/cm2/s for 10-10000 keV),photon flux (ph/cm2/s for 10-10000 keV),t90 (s),best fit model,model parameters
bn130204484,7.511685798280614e-06,8.502548104540658,0.192,plaw,[1.332542]
bn101208203,1.5502618530574295e-06,4.046674749151104,0.192,comp,"[-0.4232284, 562.7034]"
bn130112353,1.5041891246709332e-06,4.804817617279744,2.048,comp,"[-0.7090046, 548.3127]"
bn090305052,3.6726300278351423e-06,6.20595125159901,1.856,comp,"[-0.6253819, 1059.131]"
bn170203486,5.213686617190176e-06,8.2099209284794,0.336,plaw,[1.432628]
bn150912600,1.3261562361910868e-06,4.382206600562455,0.32,comp,"[0.04723212, 351.8633]"
bn180404848,2.134421208514859e-06,13.752811161749328,0.544,plaw,[1.872639]
bn150101641,1.7457584432054703e-06,8.080196006384485,0.08,plaw,[1.760916]
bn080919790,3.2092294302931208e-06,5.532369650601615,0.512,plaw,[1.459679]
bn150320462,1.3190107230701346e-05,17.597607222856897,0.064,comp,"[0.03818452, 901.158]"
bn120629565,4.219170359664678e-06,3.9493063348450863,0.704,plaw,[1.273156]
bn160804968,8.362575045634757e-06,8.958363972294755,0.192,comp,"[-0.9808683, 3011.984]"
bn170305256,2.0446719648145637e-06,11.107752574094874,0.448,comp,"[-0.6310343, 273.189]"
bn170802638,1.1356988454778292e-06,3.1201663171053293,2.24,comp,"[-0.813788, 724.0781]"
bn120410585,2.8672945174693685e-06,6.448417899103565,1.088,comp,"[-0.06644946, 549.7534]"
bn121116459,5.957514845505279e-06,8.152468537650293,0.832,plaw,[1.390417]
bn170111760,3.608032262317789e-06,6.121178598123531,0.832,comp,"[-0.4433696, 910.5951]"
bn090412061,3.845973956115478e-06,4.900087557342759,0.896,plaw,[1.368761]
bn140320092,7.256794741319878e-07,1.0375559948041437,2.304,plaw,[1.403644]
bn110916016,3.7745488217631597e-06,4.089195735983891,1.792,plaw,[1.318989]
bn170818137,3.1768168103301167e-06,9.385120054816497,0.576,plaw,[1.620798]
bn170403583,2.5351330647016996e-06,9.915503029463896,0.48,comp,"[-0.9664587, 543.257]"
bn140518709,7.309912697560368e-06,7.799761910176384,0.704,plaw,[1.314269]
bn150208929,4.848637479841042e-06,5.20353589099845,0.128,plaw,[1.316064]
bn110409179,3.490189415235338e-06,9.516219496334694,0.128,comp,"[-0.292223, 498.3796]"
bn120608489,1.230400682296496e-06,5.175226333656584,0.96,comp,"[-0.6051665, 366.4915]"
bn120415891,2.258940228126828e-06,5.068646190907963,0.96,comp,"[-0.6751804, 804.4412]"
bn100223110,1.0346664688923314e-05,13.179797245244858,0.256,comp,"[-0.1722118, 1042.048]"
bn120817168,1.5488546741769854e-05,24.750610035470167,0.16,comp,"[-0.7940158, 1348.356]"
bn081213173,3.923892244530699e-06,5.7526882414147575,0.256,plaw,[1.411187]
bn180913783,1.8402424106480845e-06,5.99835556505174,0.768,comp,"[-0.6424759, 508.0179]"
bn150810485,9.170136824237572e-06,12.82060238414937,1.28,comp,"[-0.6662983, 1360.985]"
bn130503214,5.939364809242622e-06,7.429944700547691,0.88,plaw,[1.363187]
bn121004211,2.264184827041946e-06,4.849568327167719,1.536,plaw,[1.524343]
bn110529034,5.649790523546774e-05,18.07257584731199,0.512,band,"[-0.8673255, -0.8673255, 874.4302092083824]"
bn090907808,1.7432021854676813e-06,5.4064436874627315,0.832,comp,"[-0.08967049, 395.8718]"
bn170127634,2.2678334113717084e-06,5.429878294651053,1.728,comp,"[-0.4318346, 621.9145]"
bn141230871,4.926922440842448e-06,8.51298689610811,0.224,plaw,[1.460363]
bn130912358,4.133352930625488e-06,10.483978286267194,0.512,comp,"[-0.9954004, 998.1555]"
bn180715741,2.121031489614681e-06,5.259107609735459,1.664,comp,"[-0.3213538, 560.7961]"
bn090616157,2.7252920315182215e-06,4.236100205543409,1.152,plaw,[1.428738]
bn171219279,5.6281213092070145e-06,5.693418261418317,1.152,plaw,[1.297632]
bn131217108,7.03556999018713e-06,7.103102812851367,0.768,comp,"[-0.483552, 1634.864]"
bn121112806,8.542590013170422e-06,4.601582264997366,1.28,plaw,[1.085652]
bn180523782,3.5466878475672075e-06,3.686711687486445,1.984,comp,"[-0.3522813, 1434.52]"
bn151231568,2.3847305190325338e-06,8.53467170209779,0.832,comp,"[-0.6703156, 464.5384]"
bn181126162,2.8451238642455797e-06,5.338501973016132,1.664,comp,"[-0.7364213, 1048.92]"
bn101026034,3.4538745535270027e-06,10.392698745302871,0.256,comp,"[-0.4108429, 477.5689]"
bn150101270,4.286208305815974e-06,6.993492386129306,0.48,plaw,[1.443254]
bn090518080,1.0386016346305871e-06,2.7481332445084443,2.048,plaw,[1.587542]
bn150506630,3.842106677704639e-06,7.4377170055066735,0.512,comp,"[-0.7181795, 993.0571]"
bn130929375,5.470069622760402e-07,1.2955466059651675,2.304,plaw,[1.554339]
bn081122614,9.570119762797254e-07,8.553019595678222,0.192,comp,"[-1.067436, 179.2807]"
bn120822628,3.171729991330128e-06,4.837100446253387,1.536,plaw,[1.423034]
bn081101491,9.788741762001454e-07,5.63088061679261,0.128,comp,"[-0.3365863, 221.3938]"
bn081230871,4.80854053217107e-06,5.209263539572954,0.512,plaw,[1.318982]
bn150923297,4.051987591142892e-06,7.832444943210134,0.192,plaw,[1.493789]
bn100117879,1.981515361470747e-06,7.399592817053263,0.256,comp,"[-0.0955883, 325.4309]"
bn120616630,6.257795303561133e-06,7.1739572813588675,0.048,plaw,[1.336461]
bn180625941,2.391692137425415e-06,5.370322230216104,0.704,comp,"[-0.1671652, 576.0172]"
bn150522944,5.956178232278473e-07,3.3318039771959675,1.024,comp,"[-0.3862028, 233.5066]"
bn131004904,5.77066513629537e-07,7.15546139696295,1.152,comp,"[-1.363461, 117.9107]"
bn110307972,4.3325904415060854e-06,4.900792259792692,2.304,plaw,[1.332334]
bn100516396,5.040054869120579e-06,4.384721202390004,0.64,plaw,[1.249766]
bn180201780,1.0347145360950688e-05,83.03503804575423,0.64,plaw,[1.953521]
bn180402406,1.2179664618937408e-05,13.821782491614094,0.448,comp,"[-0.3720512, 1326.791]"
bn130504314,2.5101377742565105e-05,29.428534092592898,0.384,comp,"[-0.4199932, 1327.161]"
bn141105406,1.867858451737139e-06,6.256447113855943,1.28,comp,"[-0.3955756, 420.3897]"
bn180626392,2.3938566356434295e-06,8.90609228068897,0.96,comp,"[-0.6310148, 431.2351]"
bn150923864,8.202809049419525e-07,6.629045435591429,1.792,comp,"[-0.2397291, 143.4936]"
bn140501139,5.512753612497556e-06,6.789640495777994,0.256,plaw,[1.358435]
bn110422029,4.3289701978965824e-06,6.165934685965113,0.32,plaw,[1.402498]
bn180227211,6.480386373496658e-06,6.341762098710512,0.288,plaw,[1.287217]
bn150506972,2.272407612013544e-06,4.274663726212857,0.384,comp,"[-0.7717279, 1086.463]"
bn140402007,4.573051305795568e-06,4.970849352965056,0.32,comp,"[0.1942518, 1045.689]"
bn140428906,7.739426218954876e-06,15.196936198325442,0.32,comp,"[-0.6376418, 905.1552]"
bn100107074,1.0060337138389053e-05,8.584829022471048,0.576,plaw,[1.243538]
bn140216331,4.898075366212136e-07,1.29315132542092,2.432,comp,"[-0.837336, 779.2198]"
bn110717180,6.455469891351073e-06,20.329419711776694,0.112,comp,"[-0.4280015, 458.5691]"
bn120619884,5.447431419655468e-06,4.285076439567267,0.96,plaw,[1.217004]
bn111117510,2.486747028686732e-06,7.007605452962691,0.432,comp,"[-0.50224, 543.6155]"
bn130701761,6.814253851504495e-06,9.503017623774587,1.6,comp,"[-0.5327687, 1205.375]"
bn100417166,1.004180532707992e-06,5.008626540265062,0.192,comp,"[-0.190245, 245.8652]"
bn141122087,2.0374398683275006e-06,6.063880851797552,1.28,comp,"[-0.07643487, 411.3504]"
bn130626452,3.9217676070558315e-06,9.37218555146553,1.728,plaw,[1.557022]
bn120205285,5.759263384063646e-06,3.6668079059692777,0.576,plaw,[1.145513]
bn100616773,3.336713251539189e-06,7.862662526461025,0.192,plaw,[1.552819]
bn101027230,2.6074517257787334e-06,5.424292656273528,1.344,plaw,[1.515657]
bn081012045,3.7898457507459915e-06,5.894487888634544,1.216,comp,"[-0.6467478, 1185.219]"
bn120830297,6.2686535489898845e-06,8.441088244853258,0.896,comp,"[-0.3467566, 1089.863]"
bn120916085,4.1416074380534134e-06,5.93438798997467,1.28,plaw,[1.404296]
bn170918139,2.3534242390436926e-06,6.423358998762294,0.128,plaw,[1.596876]
bn111103948,4.814757320015597e-06,6.524917417061572,0.32,comp,"[-0.5644991, 1277.969]"
bn131128629,1.084372897795605e-06,4.540308988148106,1.984,plaw,[1.728761]
bn170219002,1.4557953172522263e-05,19.492552507055027,0.096,comp,"[-0.9051238, 1944.159]"
bn081119184,2.998637004322343e-06,5.013006760683758,0.32,plaw,[1.450514]
bn200415367,2.5857933068303638e-05,33.66281744474779,0.144,comp,"[0.01191045, 934.1315]"
bn171108656,8.578507726003322e-07,10.761165139065808,0.032,comp,"[-0.9947428, 100.2242]"
bn120814201,3.768329546426759e-06,7.92802236750434,0.896,comp,"[-0.8407089, 1030.139]"
bn161015400,6.123684065743604e-06,5.9108658910460035,0.192,plaw,[1.282882]
bn150214293,1.939615724962764e-06,4.70580024861154,0.192,comp,"[-0.6361677, 711.1631]"
bn120302722,4.1809851766450654e-06,6.6722533420533745,1.6,plaw,[1.436625]
bn110131780,3.6798929571355218e-06,4.557104181519238,0.384,plaw,[1.360104]
bn160428412,2.2407328563569204e-06,3.8059029542439413,0.576,comp,"[-0.9152142, 1474.281]"
bn101204343,3.6623964127620294e-06,8.53907560064391,0.128,comp,"[-0.27564, 584.4052]"
bn180128215,9.412297149541725e-06,8.96460100911737,0.208,plaw,[1.278659]
bn151229486,5.361483749019815e-06,6.4478069556509165,0.16,plaw,[1.351151]
bn140605377,3.3743146364486964e-06,6.726439625433339,0.512,comp,"[-0.2490734, 680.4542]"
bn150604434,3.1203137218318098e-06,7.761246210280928,0.896,comp,"[-0.7699804, 780.5557]"
bn160224911,2.9287284390690814e-06,4.665559510145033,0.384,plaw,[1.436095]
bn110420946,2.537483456559018e-06,9.349237308650254,0.128,comp,"[-0.2095776, 345.8381]"
bn140209313,8.56085433504862e-05,17.653419739217302,1.408,band,"[-0.6056056, -0.6056056, 103.1994247825436]"
bn130808253,2.3058206791225485e-06,14.149779488191507,0.256,plaw,[1.855503]
bn090225009,1.4244322627181296e-06,1.6767851689281772,2.176,plaw,[1.344596]
bn100525744,2.3992305135456737e-06,6.599435766428264,1.472,comp,"[-0.4946739, 555.7353]"
bn150906944,3.2436373013270346e-06,10.528589017453793,0.32,comp,"[-0.7777976, 570.8503]"
bn160714097,3.339344069466145e-06,5.328063964320228,0.32,plaw,[1.436566]
bn171030729,1.1425067680904638e-05,11.520389240499078,0.096,plaw,[1.296621]
bn170826369,3.0218941928067865e-06,10.45664090669741,0.256,comp,"[-1.062518, 722.4983]"
bn180311074,6.956080956777807e-06,11.267001633067895,0.96,plaw,[1.441067]
bn160603719,1.3288222664497853e-06,4.060910898310765,0.384,comp,"[-0.4932332, 493.4194]"
bn170222209,5.2659047641465415e-06,10.717488580790716,1.664,comp,"[-0.58921, 834.1014]"
bn090219074,1.0585992540909487e-05,14.762343576078008,0.448,plaw,[1.396118]
bn140724533,2.611480461575051e-06,4.46611457496338,0.896,plaw,[1.457297]
bn130706900,1.9843005882091704e-06,6.811455900159717,0.128,comp,"[-0.4525248, 422.3404]"
bn121119579,1.4383831996015302e-07,1.935593916262986,2.304,comp,"[-1.082056, 91.3795]"
bn180313978,4.15797838793094e-06,16.335726321967208,0.08,comp,"[-0.01932918, 299.7309]"
bn140720158,1.5879845920822258e-06,5.92526608750943,0.32,comp,"[-0.4203456, 377.5847]"
bn150312403,1.2911139565775668e-06,6.049100305426595,0.32,comp,"[-0.4839129, 300.8777]"
bn110213876,6.2247250149830175e-06,5.1186053072062165,0.448,plaw,[1.231522]
bn150923429,6.397134635254728e-06,6.984820031841003,0.192,plaw,[1.321413]
bn170325331,2.425476474811363e-06,6.452141673545806,0.576,comp,"[-0.4901589, 575.1304]"
bn140105748,1.1108308829158114e-06,3.3541903471812256,0.576,comp,"[-0.08398413, 406.3376]"
bn170816599,1.1331297885075644e-05,14.881342921795719,1.6,comp,"[-0.5768291, 1337.131]"
bn101116481,1.5619130153311176e-06,4.434998615788587,0.576,comp,"[-0.1046184, 437.3415]"
bn111024896,1.0167557864799006e-06,4.48530547570211,0.96,comp,"[-0.3349986, 299.6304]"
bn081113230,9.704247803454592e-07,7.108954561665115,0.576,comp,"[-0.9729986, 227.7972]"
bn160314473,2.7624416819003028e-06,6.18160435914157,1.664,plaw,[1.537395]
bn080815917,3.904039921105156e-06,5.857461652680574,0.832,plaw,[1.418133]
bn150728151,1.1438038846983404e-06,4.9257976453925805,1.728,comp,"[-0.8060713, 411.7273]"
bn100301068,2.369209374869409e-06,8.11060343956219,0.96,comp,"[-0.3499259, 400.5231]"
bn140624423,2.6348880224558985e-06,12.733326517613111,0.096,comp,"[-0.7897792, 351.0793]"
bn170121067,2.134165979644497e-06,2.757163578156054,2.304,comp,"[-0.7465572, 1626.416]"
bn160826938,1.1660815977610424e-06,3.8075931905414757,1.792,plaw,[1.651295]
bn111207512,3.84486911496208e-06,4.074666876347628,0.768,plaw,[1.312151]
bn130804023,4.0124827738067466e-06,13.803027165547551,0.96,comp,"[-0.7317937, 511.2381]"
bn131020113,1.1567077744424124e-06,1.4498880373030307,2.24,plaw,[1.363794]
bn141031998,5.4233817831760525e-06,6.24717961880644,0.16,plaw,[1.337932]
bn160408268,5.03285068652707e-06,10.70797802880623,1.056,comp,"[-0.7176537, 890.0989]"
bn101129652,1.1604226984839183e-05,10.525864603805966,0.384,comp,"[-0.07567174, 1404.938]"
bn130722990,2.362559433815048e-07,3.247751028360847,2.304,comp,"[-0.9295732, 84.58176]"
bn141202470,3.946143151347294e-06,8.017082139468652,1.408,comp,"[-0.2250504, 658.6006]"
bn180131528,4.281729559665601e-06,3.916578655337399,0.96,plaw,[1.265828]
bn090108322,5.770314008907182e-06,7.2445309528555795,0.192,plaw,[1.364285]
bn110605780,5.68936457390035e-07,3.9328347299752298,1.536,comp,"[-0.765664, 216.8002]"
bn150901924,4.514034336882669e-06,6.3923584800021995,0.256,plaw,[1.400751]
bn140329272,2.197547559047359e-06,7.258802451722647,0.064,comp,"[-0.2441292, 395.5108]"
bn161230298,2.350650721916021e-06,7.39901182577629,0.448,comp,"[-0.6488175, 531.7714]"
bn090909854,3.842871166682418e-06,6.234451172915105,1.152,plaw,[1.441548]
bn141213300,8.743770823151358e-07,9.692208284925536,0.768,comp,"[-0.9211113, 118.9579]"
bn081229187,1.5201249594567954e-06,4.279937855515393,0.768,comp,"[-0.4205929, 516.9091]"
bn150601904,4.048995190672093e-06,3.1190147633179652,0.768,plaw,[1.210097]
bn160406503,3.99717614814262e-06,10.251640772232028,0.432,comp,"[-0.7133458, 713.2415]"
bn120509619,6.485061898579682e-06,4.134344336501147,0.704,plaw,[1.145971]
bn091223191,3.7442125949076486e-06,4.0510235179926,0.576,plaw,[1.318583]
bn130628860,6.793929839446144e-06,10.94648349387138,0.512,comp,"[-0.6597789, 1153.93]"
bn090308734,2.605816760215615e-06,6.7420624258020885,1.664,comp,"[-0.5395959, 613.8003]"
bn100719311,4.0310335687076755e-06,4.186056054203643,1.6,plaw,[1.305823]
bn170101374,2.5085906196795605e-07,1.58274995811883,2.304,comp,"[-0.1335389, 185.1384]"
bn150805746,7.441464493981277e-07,4.730642227304868,1.408,plaw,[1.867881]
bn150412507,1.0042080550529435e-06,4.708703894993706,0.576,plaw,[1.76513]
bn151202565,3.907173239537126e-06,7.220082555061988,0.704,comp,"[-0.8062927, 1154.13]"
bn100216422,1.8990489364126118e-06,5.719459438330105,0.192,comp,"[0.06048958, 386.0227]"
bn120506128,7.051762259171903e-07,1.5967489639268102,2.304,plaw,[1.540919]
bn120212353,1.0895596762596946e-05,5.999028617132631,0.864,plaw,[1.093697]
bn180206203,5.251927212106203e-06,6.704602555452073,0.448,plaw,[1.369361]
bn170915520,1.8233704916475548e-06,4.656641198457837,0.64,comp,"[-0.4608204, 590.2501]"
bn180715755,4.415871372659054e-06,6.281829743353457,0.704,comp,"[-0.112533, 902.2797]"
bn081024245,6.902563131276899e-06,7.531305519417018,0.832,plaw,[1.321192]
bn111011094,2.4080742034367353e-06,10.825617730692727,1.472,comp,"[-0.6625118, 351.1842]"
bn100811108,1.3839592492434447e-05,16.24056519515673,0.384,comp,"[-0.1667924, 1130.748]"
bn101021063,4.9031019130146005e-06,5.001192979999022,1.536,plaw,[1.300222]
bn100827455,7.7672389210591e-06,15.126560058526735,0.576,comp,"[-0.3420875, 735.2537]"
bn110509475,4.06466692961516e-06,6.020216931614912,0.64,plaw,[1.414255]
bn091012783,5.862423188523224e-06,13.422011011865232,0.704,comp,"[-0.4491792, 660.5104]"
bn090520832,2.7684113188009148e-06,5.754285615344392,0.768,plaw,[1.515406]
bn171230119,4.355761886020974e-06,5.567912149159679,1.28,comp,"[-0.8616033, 1922.165]"
bn140105065,2.2726453585235782e-06,5.348171318202458,1.088,comp,"[-0.9611638, 1047.484]"
bn090331681,2.1598818068113607e-06,4.883089822869466,0.832,comp,"[-0.6064378, 751.839]"
bn141208632,3.412169047269015e-06,5.086406221148495,0.96,plaw,[1.416187]
bn160624477,5.122536783491786e-06,5.45882856336548,0.384,plaw,[1.313872]
bn161210524,1.0831163035805301e-06,1.746744200093874,2.304,plaw,[1.439766]
bn120101354,9.952644188638323e-07,6.229002859730241,0.128,comp,"[-0.3315439, 200.2687]"
bn141102112,5.885360754312782e-06,9.55816497917782,0.016,plaw,[1.441864]
bn081107321,6.521617006109458e-07,9.360728593471363,1.664,comp,"[-0.3759126, 70.81098]"
bn101129726,4.082647750062381e-06,9.529197229278875,0.576,comp,"[-0.7622867, 835.1282]"
bn111112908,6.365070455086943e-06,14.871139674290413,0.224,comp,"[-0.864512, 933.1935]"
bn140511095,1.4834663173173027e-06,8.290548746821386,1.408,comp,"[-0.9484671, 328.4363]"
bn090717111,3.827742543840784e-06,4.619734214810109,0.384,plaw,[1.352241]
bn160822672,7.692077068949601e-06,22.921091035051717,0.04,comp,"[-0.822139, 661.2325]"
bn180417689,4.9807426485905015e-06,8.399750160779313,0.256,plaw,[1.453125]
bn150715136,1.5148278871064944e-06,3.4527422512147563,0.384,comp,"[-0.8518311, 947.4437]"
bn180225417,2.5561226154965535e-06,4.4821828031130755,0.896,comp,"[-0.5777379, 974.7769]"
bn100629801,1.788722744254467e-06,12.243006051290664,0.832,comp,"[-0.7815721, 221.6978]"
bn180204109,4.704307164820773e-06,12.046521407223988,1.152,comp,"[-0.8839226, 852.8797]"
bn161026373,8.631373813837978e-07,4.8804360017727175,0.112,comp,"[-0.777012, 284.2669]"
bn090819607,2.0978352886489993e-06,6.293774349474611,0.192,comp,"[-0.06216746, 405.5841]"
bn170926782,5.430369677227797e-07,5.858679352282125,0.896,comp,"[-0.5998119, 110.7527]"
bn090510016,2.723157463355152e-05,17.66484335543551,0.96,comp,"[-0.8582567, 4727.058]"
bn091006360,5.312972163520974e-07,4.058054782347826,0.192,comp,"[-0.6492926, 179.138]"
bn090108020,1.0163038065033836e-06,9.929064959929724,0.704,comp,"[-0.6679534, 129.8776]"
bn170817529,2.3784091225450274e-06,3.6894966785049634,2.048,plaw,[1.428136]
bn140912664,2.555143915094892e-07,1.3205346777771874,2.304,comp,"[-0.4830689, 268.0318]"
bn170726249,5.282477370598211e-07,3.415678943142375,1.792,comp,"[-0.4985754, 206.3862]"
bn120603439,1.1188469659790979e-06,3.333831090918437,0.384,comp,"[-0.8006601, 647.3687]"
bn170121133,4.928810299018839e-06,5.774309952493094,1.6,plaw,[1.343128]
bn141205337,6.95177872844904e-06,6.736727763209073,1.28,plaw,[1.284128]
bn090621922,4.311222373189026e-06,10.376067271522526,0.384,comp,"[-0.09899004, 519.2835]"
bn121012724,3.4893217691728954e-06,9.22704393613825,0.448,comp,"[-0.4912427, 579.3709]"
bn110705151,1.7634789444447982e-05,23.952722932420865,0.192,comp,"[-0.2600401, 1023.676]"
bn090228204,1.4820998499059196e-05,29.75889745683513,0.448,comp,"[-0.6096338, 861.4447]"
bn081024891,2.4715345823608016e-06,3.710398138601457,0.64,comp,"[-0.9356987, 1772.778]"
bn170127067,4.341188922957119e-05,57.57768980107842,0.128,comp,"[0.1977072, 853.9544]"
bn111022854,1.4326695874909403e-06,6.019478447001055,0.192,comp,"[-0.6220712, 370.9891]"
bn121127914,7.71863270641981e-06,13.89500241396338,0.64,comp,"[-0.5996025, 964.7147]"
bn161110179,3.773304995786646e-06,3.48646053134935,1.792,plaw,[1.269036]
bn120429003,6.080155483902179e-07,3.944465037022686,1.664,comp,"[-1.017845, 281.5007]"
bn101031625,1.5437428479497544e-06,8.274247710322697,0.384,comp,"[-0.8882931, 330.9054]"
bn110401920,5.951656678063295e-06,9.64580770396461,2.368,comp,"[-0.7648572, 1281.506]"
bn170604603,5.676992480128125e-06,9.53568828015814,0.32,comp,"[-0.5403653, 990.7679]"
bn160211119,2.521494129266772e-06,3.425046637764223,0.96,plaw,[1.388179]
bn081115891,4.0479982323533495e-06,3.729966140672248,0.32,plaw,[1.268158]
bn150922234,4.324965420199967e-06,12.902970444994159,0.144,comp,"[-0.5193607, 515.6516]"
bn150705588,1.5880702082820336e-06,6.3831682942160555,0.704,plaw,[1.715829]
bn090814368,4.404425688597497e-06,9.296170555989146,0.192,comp,"[-0.4337014, 714.4023]"
bn120519721,5.214733997304044e-06,9.788991626010024,1.056,comp,"[-0.4478355, 819.0082]"
bn090802235,5.087301299921192e-06,21.677857489516967,0.048,comp,"[-0.5641558, 351.8253]"
bn100411516,4.907973323759041e-07,0.9324027503290443,0.512,plaw,[1.488628]
bn130919173,7.105624140368293e-07,7.306032513220299,0.96,comp,"[-0.5474918, 116.3509]"
bn151222340,7.966478837372408e-06,10.743723428426726,0.768,comp,"[-0.5932693, 1318.725]"
bn090109332,1.1370391955002628e-06,3.3781868245001756,1.728,plaw,[1.622516]
bn130307126,9.321458715559792e-06,11.724484491102297,0.384,comp,"[-0.7818725, 1752.764]"
bn170912985,4.766952735158694e-06,6.890502699019298,0.48,plaw,[1.406932]
bn090120627,6.018815055856888e-06,4.751380890275479,1.856,comp,"[-0.6475313, 2520.527]"
bn090924625,3.1716441593246864e-06,7.9354642171547685,0.352,comp,"[-0.5020451, 620.6631]"
bn121102064,4.780988232261797e-06,5.661046805059226,2.048,plaw,[1.346392]
bn140901821,3.524144346126918e-05,39.75336292122223,0.176,comp,"[-0.3904769, 1352.723]"
bn120129312,2.4082764890793086e-06,3.2269020898099177,1.28,comp,"[-0.4861467, 1211.39]"
bn140619490,2.0895135255033814e-06,11.787922284643544,0.448,comp,"[-0.4909284, 242.4708]"
bn140224382,1.2494008106923993e-06,2.524778963038089,2.304,comp,"[-0.9904461, 1329.403]"
bn140626843,7.752876928885368e-07,6.3226512445527066,1.792,comp,"[-0.796208, 176.1007]"
bn090328713,1.1280076845696971e-05,14.94251116481627,0.192,comp,"[-0.9078408, 1978.796]"
bn150828901,1.1222234413912515e-06,1.3850772863001402,2.048,plaw,[1.359079]
bn111222619,2.0067762505525974e-05,40.01563935569644,0.288,comp,"[-0.3949346, 740.759]"
bn121023322,4.647199599252981e-06,8.19428801298668,0.512,comp,"[-0.8776175, 1335.68]"
bn100706693,2.6685477351994237e-06,4.374164053461535,0.128,comp,"[-0.2465212, 834.7422]"
bn090418816,1.7330996018214715e-06,2.0553955200482443,0.32,plaw,[1.346881]
bn160806584,9.743127678835907e-07,8.811332110604694,1.664,comp,"[-0.5626919, 138.6533]"
bn170304003,8.443964645551153e-07,11.774179595392862,0.16,comp,"[-1.107594, 86.40084]"
bn161218222,1.908528659240739e-05,14.904950160936124,0.32,comp,"[-0.3889576, 1986.234]"
bn120314412,3.6712986024353624e-06,3.8806558932038597,1.28,plaw,[1.311345]
bn170511648,9.687660422126237e-07,3.2428358483317408,1.28,plaw,[1.658912]
bn120915000,2.5338013877271933e-06,4.903951739579248,0.576,comp,"[-0.4281524, 781.8129]"
bn080806584,4.3648483350205274e-07,1.6939517533921045,2.304,plaw,[1.704795]
bn141111435,6.760293802767975e-06,4.036557283836257,1.728,plaw,[1.122932]
bn130219626,1.4482151366022629e-06,6.440144638734237,1.536,comp,"[-0.0639023, 266.4166]"
bn110112934,1.8570347300403856e-06,6.008926779970664,2.304,comp,"[-0.7354548, 552.0621]"
bn130924910,1.3822630951008314e-06,3.5919137218765713,1.792,plaw,[1.58211]
bn150721431,3.95020325084157e-06,5.319548946238618,0.32,plaw,[1.385565]
bn150609316,5.128765409649946e-06,7.373943563399044,0.256,plaw,[1.405322]
bn150325696,1.6831618568394608e-06,6.076718306017567,0.08,comp,"[0.09633534, 315.3902]"
bn180525151,4.7808421541146275e-06,7.602489545306558,0.544,comp,"[-0.4917646, 1011.928]"
bn180511364,2.4329076729112164e-06,6.6327987935507124,0.128,comp,"[-0.8308135, 744.0004]"
bn150605782,3.46700839239169e-06,9.886502177008941,0.176,plaw,[1.610093]
bn161115745,7.994091181947968e-06,8.298356325208982,0.032,plaw,[1.305704]
bn100929916,5.7062656550770355e-06,10.083597013137497,0.32,comp,"[-0.7349309, 1122.155]"
bn081102365,1.2457860736931309e-06,3.770498343491197,1.728,comp,"[-0.8125097, 642.5339]"
bn100302061,6.860184303516307e-06,5.703677353611136,2.24,comp,"[-0.7538889, 2739.251]"
bn180602938,2.5157485928843142e-06,10.12140140559982,0.008,comp,"[-0.5978773, 384.5051]"
bn130705398,4.560675385684189e-06,5.1679688544962,0.128,plaw,[1.332882]
bn120814803,5.395545548322132e-06,4.748667142973954,0.192,plaw,[1.253489]
bn091126333,2.0409577605918817e-06,7.767136858199383,0.192,comp,"[-0.2651718, 342.1027]"
bn160821937,1.0499302653306153e-06,6.5417118934651555,1.088,plaw,[1.860818]
bn140526571,4.803730029507273e-06,4.595943684375109,0.064,plaw,[1.280087]
bn150819440,9.299814010696024e-06,43.092477641719015,0.96,comp,"[-1.136249, 523.8768]"
bn150128624,5.6076885009743775e-06,15.282488800538374,0.096,plaw,[1.596424]
bn150811849,1.4547612174774599e-05,15.287626741246589,0.64,comp,"[-0.3058705, 1375.016]"
bn160829334,2.172073575102614e-06,4.868549299846377,0.512,comp,"[-0.192975, 584.2841]"
bn100612545,6.673582647924178e-06,8.551624394216564,0.576,comp,"[-0.1934675, 1047.508]"
bn110227009,6.519522240316543e-07,2.9976051301789997,1.728,comp,"[0.08758307, 244.7061]"
bn170711713,7.597394726694033e-06,6.195713863432896,1.152,comp,"[-0.6164615, 2343.02]"
bn090429753,1.606078769930178e-06,3.6816756260545134,0.64,comp,"[-0.8408305, 928.933]"
bn090206620,2.50125675806739e-06,7.552766067228084,0.32,comp,"[-0.3500916, 459.8798]"
bn100101988,1.9553240458975394e-06,3.3318245480803967,1.984,comp,"[-0.2395344, 798.4311]"
bn080725541,4.024099523717524e-06,5.443477067057302,0.96,comp,"[-0.711663, 1482.592]"
bn130515056,4.7033430118025084e-06,13.06351674708823,0.256,comp,"[-0.3230098, 496.4844]"
bn171207055,2.64205200883046e-06,5.38506473802634,0.176,comp,"[-0.2967678, 682.2257]"
bn100816026,6.57126795395459e-07,5.592725900662463,2.045,comp,"[-0.3651878, 140.0713]"
bn130802730,7.588845836904922e-06,7.575361828038543,0.064,plaw,[1.293457]
bn160612842,7.289962561692848e-06,10.311352309772994,0.288,comp,"[-0.6814442, 1364.698]"
bn180617872,6.465490905546305e-07,4.984306702458314,1.92,comp,"[-0.3685844, 158.3149]"
bn100516369,5.011154097569832e-06,8.192954971089124,2.112,plaw,[1.443861]
bn101214748,1.9016991389921502e-06,8.046186762673193,2.24,comp,"[-0.5182318, 345.2993]"
bn080802386,3.0149364145086394e-06,8.835070563745324,0.576,comp,"[-0.7368949, 622.389]"
bn100206563,4.367225988574533e-06,11.875006671528357,0.176,comp,"[-0.4039798, 531.8227]"
bn170827818,8.846746961837848e-07,4.692474225907562,0.832,comp,"[-0.8261869, 319.8343]"
bn110424758,5.799234873166692e-06,5.781559963506882,0.672,plaw,[1.293057]
bn141128962,1.0743794669012112e-06,9.312802243456707,0.272,comp,"[-0.9102901, 171.3933]"
bn140807500,5.559176887651662e-06,14.241205504658438,0.512,comp,"[-0.8318772, 803.6211]"
bn130404877,3.660400542722187e-06,4.900575373170143,0.96,plaw,[1.383797]
bn080905499,5.915248121256069e-06,6.763702645547836,0.96,plaw,[1.335663]
bn171223818,1.9092098419497564e-05,16.50025935241779,0.384,plaw,[1.247638]
bn130622615,4.6101561973772115e-07,3.447105281109781,0.96,comp,"[-0.5288881, 174.6805]"
bn130416770,5.013707596638266e-06,9.581554610112281,0.192,comp,"[-0.7738269, 1069.092]"
bn141126233,2.7063930972911776e-06,3.6365574219784444,0.896,plaw,[1.384899]
bn140610487,5.61224628788064e-06,5.108766236877147,0.96,plaw,[1.26428]
bn081226509,1.521899430816986e-06,6.069514702453806,0.192,comp,"[-0.3654584, 340.5381]"
bn141113346,3.512971105544402e-06,4.659668676732043,0.448,plaw,[1.380981]
bn100204858,3.5837999522192034e-06,4.857149022632113,1.92,plaw,[1.387503]
bn131126163,1.0324284464414294e-05,21.258650582403963,0.128,comp,"[-0.09535138, 610.2769]"
bn081130212,1.0055588491883326e-07,1.41124919996547,2.24,plaw,[2.205672]
bn170714049,4.511443345291077e-06,6.554852105615145,0.224,plaw,[1.408482]
bn120222021,1.5935907301680633e-06,15.46879619091421,1.088,comp,"[-0.6461664, 129.9966]"
bn180402481,2.4215765767358383e-06,8.910900313351664,0.256,comp,"[-0.1321826, 335.3777]"
bn180123820,2.117716229805567e-06,3.3493970216528166,0.32,plaw,[1.433941]
bn120831901,4.494455291900937e-06,10.5554942875019,0.384,comp,"[-0.6001447, 716.5452]"
bn090320045,8.737321125143794e-07,1.6534208838812394,2.368,plaw,[1.487465]
bn120612687,5.982332103815928e-06,10.242219799217482,0.256,comp,"[-0.5411253, 970.8893]"
bn151228129,6.36657645737176e-06,9.622152248981415,0.256,comp,"[-0.09345973, 840.04]"
bn140710537,4.9425171533511565e-06,5.62460869030308,0.384,plaw,[1.334197]
bn091018957,2.267167169835969e-06,9.007143221774937,0.192,comp,"[-0.1345362, 309.0007]"
bn130617564,4.4450638801239026e-06,7.976633205276828,0.768,plaw,[1.471646]
bn120524134,6.584014570933995e-07,10.947257572892662,0.704,comp,"[-0.9848641, 61.6312]"
bn180703949,3.4804233871197234e-06,33.707464669437364,1.536,comp,"[-0.7720429, 136.8747]"
bn170709334,2.259346319526777e-06,6.213786639045233,1.856,comp,"[-0.4967802, 556.5977]"
bn150629564,3.630229244556662e-06,5.813567669216119,1.92,comp,"[-1.032268, 1937.749]"
bn170124528,2.4694475664909945e-06,6.6445182394439595,0.448,comp,"[0.03220855, 438.6344]"
bn100328141,4.772902209618571e-06,8.064763894940846,0.384,comp,"[-0.7529942, 1205.029]"
bn110526715,2.8580423957303242e-06,9.194259183269248,0.448,comp,"[-0.7617428, 568.8406]"
bn090427644,1.238548653460064e-06,1.6913095034339571,1.024,plaw,[1.389781]
bn090514726,6.928992202063025e-07,4.250427164010498,2.24,comp,"[-0.7059953, 244.8738]"
bn170206453,0.0001916010973767384,33.20997577952277,1.168,band,"[-0.4577412, -0.4577412, 225.6376167216553]"
bn160820496,2.754988917573291e-06,7.2483029845158775,0.448,comp,"[-0.8093778, 759.6443]"
bn150301045,3.737513462216555e-06,8.455633727649039,0.416,plaw,[1.540661]
bn140109771,2.958018118861477e-06,6.407811709503917,0.704,plaw,[1.527717]
bn171011810,3.8925708298786635e-06,3.9214425057404196,0.48,plaw,[1.296333]
bn160818230,1.1507538261150572e-06,5.955131697306231,2.176,comp,"[-0.3959783, 256.7397]"
bn081216531,8.46356967197507e-06,15.00733037879702,0.768,comp,"[-0.7304916, 1112.488]"
bn151022577,1.1406160552944655e-06,6.394943595409979,0.32,comp,"[-0.6362693, 263.5302]"
bn081209981,1.038856952406531e-05,16.671774033621666,0.192,comp,"[-0.6273371, 1123.715]"
bn121124606,2.8460143567309584e-06,4.745685624486662,0.256,plaw,[1.449749]
bn081223419,1.0712170952482402e-06,8.02608594486468,0.576,comp,"[-0.6269119, 181.7943]"
bn161001045,6.194008584084935e-07,3.136170848586572,2.24,comp,"[-0.939295, 373.1742]"
bn180201706,4.734266383230645e-06,6.561145769516364,0.192,plaw,[1.394244]
bn090620901,3.2634937437412737e-06,3.774166288504364,0.96,plaw,[1.339153]
bn110212550,5.7169533912993614e-06,17.55383585599886,0.064,comp,"[-0.4480852, 477.3155]"
bn150316400,1.543296746310281e-06,2.923072583009608,1.984,plaw,[1.487729]
bn110517453,5.101111804934765e-06,5.061804257638168,0.576,plaw,[1.291586]
bn100625773,4.474724099692356e-06,14.780863668086287,0.24,comp,"[-0.5947551, 483.189]"
bn120327418,1.211746967065948e-06,6.383718274630897,0.256,comp,"[-0.305056, 241.8336]"
bn130127743,5.061165241313139e-06,8.297148112104045,0.144,comp,"[0.06320828, 722.8948]"
bn100208386,5.469001512924745e-06,4.923430622368748,0.192,plaw,[1.260736]
bn121014638,2.339752961267045e-06,4.195556360913291,0.576,plaw,[1.471425]
bn090531775,4.27356443987383e-06,4.797059224111441,0.768,comp,"[-0.6363609, 1682.377]"
bn091019750,1.3641837231816815e-06,7.8603682401867525,0.208,comp,"[-0.260731, 214.5296]"
bn110728056,1.5574420570424373e-06,4.542614966359054,0.704,comp,"[-0.7102456, 611.406]"
bn100717446,1.6849059580785438e-06,4.133435647874339,2.432,comp,"[-0.6197731, 692.8386]"
bn160804180,3.637834477335076e-06,8.316955346956814,0.64,comp,"[-0.5215968, 695.5443]"
bn150628767,1.3288494060366223e-06,3.541249933226383,0.64,comp,"[-0.1990396, 487.7806]"
bn140129499,6.00091243975545e-06,7.740566610162724,0.128,plaw,[1.372511]
bn180130744,2.9596679303128704e-06,6.459821474339156,0.256,plaw,[1.52996]
bn141124277,4.133184598594645e-06,5.536193700166678,0.512,plaw,[1.383942]
bn110801335,3.5642652082921073e-06,11.966718203097102,0.384,plaw,[1.659831]
bn160726065,2.226868193360931e-06,10.952245398110485,0.768,comp,"[-0.8683226, 365.0328]"
bn081226044,1.7553940051605527e-06,5.722835248927925,0.832,comp,"[-0.8072595, 583.4851]"
bn120210650,5.617866943517487e-07,3.7000107904811848,1.344,plaw,[1.880428]
bn100805300,1.4257415130331756e-05,28.326649555826062,0.064,plaw,[1.501964]
bn131006367,6.130195954927256e-06,5.778729668687307,0.128,plaw,[1.275394]
bn180511437,4.173414344932197e-07,4.936501443540984,1.984,comp,"[-0.9226517, 107.5333]"
bn130716442,1.326838910624794e-05,5.694522967051237,0.768,plaw,[0.9977308]
bn081105614,1.2541252307451164e-05,9.200848932045211,1.28,plaw,[1.193876]
bn081204517,1.5107822673263308e-06,7.716538109349071,0.192,comp,"[-0.657518, 299.4318]"
bn101224227,4.0020859447075936e-06,5.9838418662234485,1.728,plaw,[1.417095]
bn080831053,3.902537238730734e-06,5.571610226271248,0.576,plaw,[1.403205]
bn141011282,6.65527536932161e-06,18.45352308285459,0.08,comp,"[-0.6444664, 614.1506]"
bn090927422,2.3778258406910913e-06,5.197689796354085,0.512,plaw,[1.530408]
bn150118927,4.841256460035596e-06,17.278630242911465,0.288,comp,"[-1.041165, 672.6705]"
bn150412931,1.6894647498026266e-06,4.079542323380114,0.64,comp,"[-0.2993239, 570.0925]"
bn080723913,9.435581515444458e-07,4.412365839451427,0.192,comp,"[-0.5945316, 320.8395]"
bn130325005,2.8446116642254787e-06,7.269031848748188,0.64,plaw,[1.577079]
bn120811014,1.1562939323576781e-05,13.087020313403075,0.448,comp,"[-0.2913616, 1261.286]"
bn111001804,3.4847841473201643e-06,4.263837866430446,0.384,plaw,[1.356429]
bn091224373,8.75651827187935e-06,6.67300678602336,0.768,plaw,[1.20653]
bn090617208,5.620805752401871e-06,11.837152280645057,0.192,comp,"[-0.3540218, 681.0817]"
bn090405663,3.978019090773316e-06,7.6247517451912605,0.448,comp,"[-0.6396907, 931.821]"
bn160411062,2.4854700500197835e-06,6.067170876885757,0.672,plaw,[1.56337]
bn120609580,1.8480854802320165e-06,4.676272222115803,1.792,plaw,[1.574127]
bn101216721,9.366006479919954e-07,8.637438120407946,1.917,comp,"[-0.8634751, 152.902]"
bn170506169,4.166133580475353e-06,7.866750494100488,0.832,comp,"[-0.6169903, 928.6597]"
